doi,is_referenced_by_count
10.1145/3297280.3297570,1
10.1089/dia.2020.2525.abstracts,1
10.1145/3307772.3330154,3
10.1145/3211890.3211916,2
10.1093/geroni/igx004.874,1
10.1093/mnras/stx666,60
10.3847/0004-637x/832/1/29,9
10.19070/2377-8075-1600064,2
10.1007/s10456-013-9412-3,1
10.1109/infcomw.2013.6970754,4
